<manifest alg="2" build="2017.0.4.363" opt="false" iceEnabled="true" iceMarkupVersion="2" iceEnabledOptions="link,responsive,cachebuster,textStyling" exportTarget="other" domain="abcd.com" resolutions="1x" timestamp="1506131763934">
  <folder name="css">
    <file name="site_global.css" crc="443350757"/>
    <file name="index.css" crc="3909811876" ref="index"/>
  </folder>
  <folder name="scripts">
    <file name="jquery-1.8.3.min.js" crc="209076791" ref="index"/>
    <file name="museutils.js" crc="4216313831" ref="index"/>
    <file name="whatinput.js" crc="86476730" ref="index"/>
    <file name="museconfig.js" crc="474374037" ref="index"/>
    <file name="jquery.musepolyfill.bgsize.js" crc="4110862005" ref="index"/>
    <file name="jquery.scrolleffects.js" crc="128250821" ref="index"/>
    <file name="require.js" crc="3951022091" ref="index"/>
  </folder>
  <folder name="images">
    <file name="sophie-higginbottom-133982.jpg" crc="4129425252" ref="index">
      <caption webpage="index" alt=""/>
    </file>
    <file name="thaddaeus-lim-40018.jpg" crc="3822185515" ref="index">
      <caption webpage="index" alt=""/>
    </file>
  </folder>
  <file name="index.html" crc="4052961239" seo="true" mt="1506131763558" redirect="true"/>
</manifest>